Workbook

Sheet Hoja1
B2: SUBESTACIONES SEGUIMIENTO
B3: SUB-Proyecto | C3: Centro de costo | D3: Codigo del documento | E3: Documento | F3: Responsable | G3: Cargo | H3: Fecha y hora de incio | I3: Fecha y hora de Fin | J3: Horas | K3: Observaciones
B4: SE LOCERIA AMPLIACION L3 | C4: EDM 23136-101 | F4: JESUS DANIEL MENDOZA MERIÑO | G4: =+VLOOKUP(Tabla1[[#This Row],[Responsable]],Hoja2!$B$19:$C$36,2,FALSE) -> PRACTICANTE ME | H4: 46167.312 | I4: 46167.5 | J4: =+(Tabla1[[#This Row],[Fecha y hora de Fin]]-Tabla1[[#This Row],[Fecha y hora de incio]])*24 -> 4.5
C5: EDM 23136-101 | D5: NATURGY | E5: NATURGY | F5: ELKIN DAVID GUTIERREZ CAMPO | G5: =+VLOOKUP(Tabla1[[#This Row],[Responsable]],Hoja2!$B$19:$C$36,2,FALSE) -> BIM | J5: =+(Tabla1[[#This Row],[Fecha y hora de Fin]]-Tabla1[[#This Row],[Fecha y hora de incio]])*24 -> 0
B6: SE LOCERIA AMPLIACION L3 | C6: EDM 23136-101 | D6: SE-ALOCL3-ISES-AMP-PRE-ME- 00001 | E6: PRESUPUESTO COMPONENTE ELECTROMECÁNICO | F6: BRAYAN DASAEV REALES VELASQUEZ | G6: =+VLOOKUP(Tabla1[[#This Row],[Responsable]],Hoja2!$B$19:$C$36,2,FALSE) -> PRACTICANTE ME | H6: 46167.312 | I6: 46167.618 | J6: =+(Tabla1[[#This Row],[Fecha y hora de Fin]]-Tabla1[[#This Row],[Fecha y hora de incio]])*24 -> 7.3333333 | K6: ATENCION DE INCIDENCIAS
B7: SE METALCLAD LOCERIA | C7: EDM 23136-101 | D7: SE-MC3LOC-ISES-AMP-M3D-OC-40000 | E7: CANALIZACIONES | F7: RENY TATIANA OLARTE LOBO | G7: =+VLOOKUP(Tabla1[[#This Row],[Responsable]],Hoja2!$B$19:$C$36,2,FALSE) -> MODELADOR OC | H7: 46167.312 | I7: 46167.75 | J7: =+(Tabla1[[#This Row],[Fecha y hora de Fin]]-Tabla1[[#This Row],[Fecha y hora de incio]])*24 -> 10.5 | K7: ATENCION DE INCIDENCIAS
B8: SE LOCERIA AMPLIACION L3 | C8: EDM 23136-101 | D8: SE-ALOCL3-ISES-AMP-M3D-OC-00007 | E8: CIMENTACION REACTOR | F8: JUAN JOSE GUTIERREZ DE LA HOZ | G8: =+VLOOKUP(Tabla1[[#This Row],[Responsable]],Hoja2!$B$19:$C$36,2,FALSE) -> MODELADOR OC | H8: 46167.312 | I8: 46167.524 | J8: =+(Tabla1[[#This Row],[Fecha y hora de Fin]]-Tabla1[[#This Row],[Fecha y hora de incio]])*24 -> 5.0833333 | K8: ATENCION DE INCIDENCIAS
B9: SE LOCERIA AMPLIACION L3 | C9: EDM 23136-101 | D9: SE-ALOCL3-ISES-AMP-M3D-OC-00008 | E9: CIMENTACION ESTRUCTURA SOPORTE DE CABLES REACTOR | F9: JUAN JOSE GUTIERREZ DE LA HOZ | G9: =+VLOOKUP(Tabla1[[#This Row],[Responsable]],Hoja2!$B$19:$C$36,2,FALSE) -> MODELADOR OC | H9: 46167.524 | I9: 46167.639 | J9: =+(Tabla1[[#This Row],[Fecha y hora de Fin]]-Tabla1[[#This Row],[Fecha y hora de incio]])*24 -> 2.75 | K9: ATENCION DE INCIDENCIAS
B10: SE METALCLAD LOCERIA | C10: EDM 23136-101 | D10: SE-MC3LOC-ISES-AMP-MC-ME-40005 | E10: MEMORIA SERVICIO AUXILIARES | F10: LUIS EDUARDO VEGA ARIZA | G10: =+VLOOKUP(Tabla1[[#This Row],[Responsable]],Hoja2!$B$19:$C$36,2,FALSE) -> INGENIERO ME | H10: 46167.583 | I10: 46167.618 | J10: =+(Tabla1[[#This Row],[Fecha y hora de Fin]]-Tabla1[[#This Row],[Fecha y hora de incio]])*24 -> 0.83333333 | K10: ATENCION DE INCIDENCIAS DEL 5 MAYO 2026
B11: TURBACO AFINIA | C11: AFN24102-100 | F11: ALEX SANTIAGO RODRIGUEZ | G11: =+VLOOKUP(Tabla1[[#This Row],[Responsable]],Hoja2!$B$19:$C$36,2,FALSE) -> MODELADOR OC | H11: 46167.312 | I11: 46169.75 | J11: =+(Tabla1[[#This Row],[Fecha y hora de Fin]]-Tabla1[[#This Row],[Fecha y hora de incio]])*24 -> 58.5 | K11: ATENCION A COMENTARIOS GENERALES
B12: SE METALCLAD LOCERIA | C12: EDM 23136-101 | D12: SE-MC3LOC-ISES-AMP-M3D-ME-40000 | E12: SOPORTE DE CABLES Y BANDEJAS | F12: LUIS FERNANDO ZABALETA GONZALEZ | G12: =+VLOOKUP(Tabla1[[#This Row],[Responsable]],Hoja2!$B$19:$C$36,2,FALSE) -> MODELADOR ME | H12: 46164.312 | I12: 46164.562 | J12: =+(Tabla1[[#This Row],[Fecha y hora de Fin]]-Tabla1[[#This Row],[Fecha y hora de incio]])*24 -> 6 | K12: ATENCION DE INCIDENCIAS
B13: SE METALCLAD LOCERIA | C13: EDM 23136-101 | D13: SE-MC3LOC-ISES-AMP-M3D-ME-30000 | E13: MODELO GENERAL | F13: LUIS FERNANDO ZABALETA GONZALEZ | G13: =+VLOOKUP(Tabla1[[#This Row],[Responsable]],Hoja2!$B$19:$C$36,2,FALSE) -> MODELADOR ME | H13: 46167.312 | I13: 46167.75 | J13: =+(Tabla1[[#This Row],[Fecha y hora de Fin]]-Tabla1[[#This Row],[Fecha y hora de incio]])*24 -> 10.5 | K13: ATENCION DE INCIDENCIAS
B14: SE METALCLAD LOCERIA | C14: EDM 23136-101 | D14: SE-MC3LOC-ISES-AMP-M3D-ME-30000 | E14: MODELO GENERAL | F14: LUIS FERNANDO ZABALETA GONZALEZ | G14: =+VLOOKUP(Tabla1[[#This Row],[Responsable]],Hoja2!$B$19:$C$36,2,FALSE) -> MODELADOR ME | H14: 46168.312 | I14: 46168.75 | J14: =+(Tabla1[[#This Row],[Fecha y hora de Fin]]-Tabla1[[#This Row],[Fecha y hora de incio]])*24 -> 10.5 | K14: ATENCION DE INCIDENCIAS
B15: LAT 230 SANTIAGO | C15: EDM 23136-101 | D15: LAT-SGO2-ISES-NEW-PL-OC-00001 | E15: PLANO TOPOGRAFICO | F15: ALEJANDRO DAZA BERNAL | G15: =+VLOOKUP(Tabla1[[#This Row],[Responsable]],Hoja2!$B$19:$C$36,2,FALSE) -> MODELADOR OC | H15: 46167.312 | I15: 46167.75 | J15: =+(Tabla1[[#This Row],[Fecha y hora de Fin]]-Tabla1[[#This Row],[Fecha y hora de incio]])*24 -> 10.5 | K15: ATENCION A COMENTARIOS
B16: SE METALCLAD LOCERIA | C16: EDM 23136-101 | D16: SE-MC3LOC-ISES-AMP-ET-ME-10009 | E16: ET UCI - FE UCI | F16: BRAYAN DASAEV REALES VELASQUEZ | G16: =+VLOOKUP(Tabla1[[#This Row],[Responsable]],Hoja2!$B$19:$C$36,2,FALSE) -> PRACTICANTE ME | H16: 46167.631 | I16: 46167.75 | J16: =+(Tabla1[[#This Row],[Fecha y hora de Fin]]-Tabla1[[#This Row],[Fecha y hora de incio]])*24 -> 2.8666667 | K16: ATENCION A COMENTARIOS
B17: SE SAN FRANCISCO | C17: EDM 23136-101 | D17: SE-MC2SFC-ISES-NEW-M3D-ME-30000 | E17: MODELO GENERAL- BASICA | F17: CRISTIAN DAVID FABREGAS BLANCO | G17: =+VLOOKUP(Tabla1[[#This Row],[Responsable]],Hoja2!$B$19:$C$36,2,FALSE) -> MODELADOR ME | H17: 46163.312 | I17: 46163.75 | J17: =+(Tabla1[[#This Row],[Fecha y hora de Fin]]-Tabla1[[#This Row],[Fecha y hora de incio]])*24 -> 10.5 | K17: ATENCION DE INCIDENCIAS
B18: SE LOCERIA AMPLIACION L3 | C18: EDM 23136-101 | D18: SE-ALOCL3-ISES-AMP-M3D-ME- 00001 | E18: MODELO GENERAL | F18: CRISTIAN DAVID FABREGAS BLANCO | G18: =+VLOOKUP(Tabla1[[#This Row],[Responsable]],Hoja2!$B$19:$C$36,2,FALSE) -> MODELADOR ME | H18: 46164.312 | I18: 46164.562 | J18: =+(Tabla1[[#This Row],[Fecha y hora de Fin]]-Tabla1[[#This Row],[Fecha y hora de incio]])*24 -> 6 | K18: ATENCION DE INCIDENCIAS
B19: SE SAN FRANCISCO | C19: EDM 23136-101 | D19: SE-MC2SFC-ISES-NEW-M3D-ME-30000 | E19: MODELO GENERAL- BASICA | F19: CRISTIAN DAVID FABREGAS BLANCO | G19: =+VLOOKUP(Tabla1[[#This Row],[Responsable]],Hoja2!$B$19:$C$36,2,FALSE) -> MODELADOR ME | H19: 46167.312 | I19: 46167.542 | J19: =+(Tabla1[[#This Row],[Fecha y hora de Fin]]-Tabla1[[#This Row],[Fecha y hora de incio]])*24 -> 5.5 | K19: ATENCION DE INCIDENCIAS
B20: SE LOCERIA AMPLIACION L3 | C20: EDM 23136-101 | D20: SE-ALOCL3-ISES-AMP-M3D-ME- 00001 | E20: MODELO GENERAL | F20: CRISTIAN DAVID FABREGAS BLANCO | G20: =+VLOOKUP(Tabla1[[#This Row],[Responsable]],Hoja2!$B$19:$C$36,2,FALSE) -> MODELADOR ME | H20: 46167.542 | I20: 46167.75 | J20: =+(Tabla1[[#This Row],[Fecha y hora de Fin]]-Tabla1[[#This Row],[Fecha y hora de incio]])*24 -> 5 | K20: ATENCION DE INCIDENCIAS
B21: SE METALCLAD LOCERIA | C21: EDM 23136-101 | D21: SE-MC3LOC-ISES-AMP-ET-ME-10009 | E21: ET UCI - FE UCI | F21: LUIS EDUARDO VEGA ARIZA | G21: =+VLOOKUP(Tabla1[[#This Row],[Responsable]],Hoja2!$B$19:$C$36,2,FALSE) -> INGENIERO ME | H21: 46167.618 | I21: 46167.635 | J21: =+(Tabla1[[#This Row],[Fecha y hora de Fin]]-Tabla1[[#This Row],[Fecha y hora de incio]])*24 -> 0.41666667 | K21: REVISION DE DOCUMENTOS
B22: TURBACO AFINIA | C22: AFN24102-100 | D22: SE-SIE-ME-PL-501 | E22: CORTES DE BANDEJAS SIERRA FLOR | F22: EDUARDO GUZMAN SANCHEZ | G22: =+VLOOKUP(Tabla1[[#This Row],[Responsable]],Hoja2!$B$19:$C$36,2,FALSE) -> MODELADOR ME | H22: 46167.312 | I22: 46167.75 | J22: =+(Tabla1[[#This Row],[Fecha y hora de Fin]]-Tabla1[[#This Row],[Fecha y hora de incio]])*24 -> 10.5 | K22: ADICION DE CORTES NUEVOS A PLANO DE CORTES DE BANDEJAS
B23: LAT 230 SANTIAGO | C23: AFN24102-100 | D23: SE-PUL-ME-PL-309 | E23: ATENCION DE COMENTARIOS P LIBERTADOR | F23: EDUARDO GUZMAN SANCHEZ | G23: =+VLOOKUP(Tabla1[[#This Row],[Responsable]],Hoja2!$B$19:$C$36,2,FALSE) -> MODELADOR ME | H23: 46168.312 | I23: 46170.75 | J23: =+(Tabla1[[#This Row],[Fecha y hora de Fin]]-Tabla1[[#This Row],[Fecha y hora de incio]])*24 -> 58.5 | K23: ATENCION DE COMENTARIOS GENERALES.
... B46: LAT CHORRERA | C46: EDM 23136-101 | D46: LAT-CHOTR2-ISES-NEW-M3D-OC-10000 | E46: MODELO GENERAL | F46: CAMILO GALVEZ OSORIO | G46: =+VLOOKUP(Tabla1[[#This Row],[Responsable]],Hoja2!$B$19:$C$36,2,FALSE) -> MODELADOR OC | H46: 46167.312 | I46: 46167.75 | J46: =+(Tabla1[[#This Row],[Fecha y hora de Fin]]-Tabla1[[#This Row],[Fecha y hora de incio]])*24 -> 10.5 | K46: APOYO PARA AJUSTE DE INFORMACION EN BASE A COMENTARIOS
B47: TURBACO AFINIA | C47: EDM 23136-101 | D47: SE-TUR-OC-PL-007-1 | E47: Plano de Demoliciones | F47: LEO TEKKEN GONCALVES | G47: =+VLOOKUP(Tabla1[[#This Row],[Responsable]],Hoja2!$B$19:$C$36,2,FALSE) -> MODELADOR OC | H47: 46167.583 | I47: 46168.583 | J47: =+(Tabla1[[#This Row],[Fecha y hora de Fin]]-Tabla1[[#This Row],[Fecha y hora de incio]])*24 -> 24
B48: SE METALCLAD LOCERIA | C48: EDM 23136-101 | D48: SE-MC3LOC-ISES-AMP-ET-ME-10000 | E48: ET MONTAJE ELECTROMECANICO | F48: BRAYAN DASAEV REALES VELASQUEZ | G48: =+VLOOKUP(Tabla1[[#This Row],[Responsable]],Hoja2!$B$19:$C$36,2,FALSE) -> PRACTICANTE ME | H48: 46168.326 | I48: 46168.375 | J48: =+(Tabla1[[#This Row],[Fecha y hora de Fin]]-Tabla1[[#This Row],[Fecha y hora de incio]])*24 -> 1.1666667 | K48: ATENCION A COMENTARIOS
B49: SE LOCERIA AMPLIACION L3 | C49: EDM 23136-101 | D49: SE-ALOCL3-ISES-AMP-ET-ME-00009 | E49: ET TRANSFORMADOR DE POTENCIA | F49: JESUS DANIEL MENDOZA MERIÑO | G49: =+VLOOKUP(Tabla1[[#This Row],[Responsable]],Hoja2!$B$19:$C$36,2,FALSE) -> PRACTICANTE ME | H49: 46168.41 | I49: 46168.431 | J49: =+(Tabla1[[#This Row],[Fecha y hora de Fin]]-Tabla1[[#This Row],[Fecha y hora de incio]])*24 -> 0.5 | K49: ATENCION A INCIDENCIAS
B50: SE LOCERIA AMPLIACION L3 | C50: EDM 23136-101 | D50: SE-ALOCL3-ISES-AMP-ET-ME-00019 | E50: ET TRANSFORMADOR DE SERVICIOS AUXILIARES | F50: JESUS DANIEL MENDOZA MERIÑO | G50: =+VLOOKUP(Tabla1[[#This Row],[Responsable]],Hoja2!$B$19:$C$36,2,FALSE) -> PRACTICANTE ME | H50: 46168.444 | I50: 46168.49 | J50: =+(Tabla1[[#This Row],[Fecha y hora de Fin]]-Tabla1[[#This Row],[Fecha y hora de incio]])*24 -> 1.0833333 | K50: ATENCION A INCIDENCIAS
B51: SE METALCLAD LOCERIA | C51: EDM 23136-101 | D51: SE-MC3LOC-ISES-AMP-ET-ME-10009 | E51: ET ARMARIO UCI | F51: JESUS DANIEL MENDOZA MERIÑO | G51: =+VLOOKUP(Tabla1[[#This Row],[Responsable]],Hoja2!$B$19:$C$36,2,FALSE) -> PRACTICANTE ME | H51: 46168.521 | I51: 46168.535 | J51: =+(Tabla1[[#This Row],[Fecha y hora de Fin]]-Tabla1[[#This Row],[Fecha y hora de incio]])*24 -> 0.33333333 | K51: ATENCION A COMENTARIOS
B52: SE METALCLAD LOCERIA | C52: EDM 23136-101 | D52: SE-MC3LOC-ISES-AMP-MC-ME-40004 | E52: MC CABLES AISLADOS MT | F52: BRAYAN DASAEV REALES VELASQUEZ | G52: =+VLOOKUP(Tabla1[[#This Row],[Responsable]],Hoja2!$B$19:$C$36,2,FALSE) -> PRACTICANTE ME | H52: 46168.5 | I52: 46168.535 | J52: =+(Tabla1[[#This Row],[Fecha y hora de Fin]]-Tabla1[[#This Row],[Fecha y hora de incio]])*24 -> 0.83333333 | K52: ATENCION A COMENTARIOS
B53: SE METALCLAD LOCERIA | C53: EDM 23136-101 | D53: SE-MC3LOC-ISES-AMP-MC-ME-40008 | E53: MC MALLA PUESTA A TIERRA | F53: BRAYAN DASAEV REALES VELASQUEZ | G53: =+VLOOKUP(Tabla1[[#This Row],[Responsable]],Hoja2!$B$19:$C$36,2,FALSE) -> PRACTICANTE ME | H53: 46168.583 | I53: 46168.625 | J53: =+(Tabla1[[#This Row],[Fecha y hora de Fin]]-Tabla1[[#This Row],[Fecha y hora de incio]])*24 -> 1 | K53: ATENCION A INCIDENCIAS
B54: LAT CHORRERA | C54: EDM 23136-101 | D54: LAT-CHOTR2-ISES-NEW-M3D-OC-00000 | E54: CÁMARAS - LÍNEAS - CAD - TOPOGRAFIA | F54: DICNEY RUIZ HERNANDEZ | G54: =+VLOOKUP(Tabla1[[#This Row],[Responsable]],Hoja2!$B$19:$C$36,2,FALSE) -> MODELADOR ME | H54: 46168.66 | I54: 46168.708 | J54: =+(Tabla1[[#This Row],[Fecha y hora de Fin]]-Tabla1[[#This Row],[Fecha y hora de incio]])*24 -> 1.1666667 | K54: AJUSTE PLANIMETRIA CAD PARA MODELOS 20001 A 20005
B55: LAT CHORRERA | C55: EDM 23136-101 | D55: LAT-CHOTR2-ISES-NEW-M3D-OC-00001 | E55: LÍNEA PROYECTADA SE TORNO - CG2 | F55: DICNEY RUIZ HERNANDEZ | G55: =+VLOOKUP(Tabla1[[#This Row],[Responsable]],Hoja2!$B$19:$C$36,2,FALSE) -> MODELADOR ME | H55: 46168.417 | I55: 46168.733 | J55: =+(Tabla1[[#This Row],[Fecha y hora de Fin]]-Tabla1[[#This Row],[Fecha y hora de incio]])*24 -> 7.6 | K55: MODELADO Y AJUSTE DE TUBERIA PHD
B56: LAT CHORRERA | C56: EDM 23136-101 | D56: LAT-CHOTR2-ISES-NEW-M3D-OC-00002 | E56: LÍNEA PROYECTADA CG2 - CG3 | F56: DICNEY RUIZ HERNANDEZ | G56: =+VLOOKUP(Tabla1[[#This Row],[Responsable]],Hoja2!$B$19:$C$36,2,FALSE) -> MODELADOR ME | H56: 46168.312 | I56: 46168.428 | J56: =+(Tabla1[[#This Row],[Fecha y hora de Fin]]-Tabla1[[#This Row],[Fecha y hora de incio]])*24 -> 2.7833333 | K56: MODELADO Y AJUSTE DE TUBERIA PHD
B57: LAT CHORRERA | C57: EDM 23136-101 | D57: LAT-CHOTR2-ISES-NEW-M3D-OC-20001 | E57: MODELO GENERAL PLANTA PERFIL TRAMO 1-2 | F57: DICNEY RUIZ HERNANDEZ | G57: =+VLOOKUP(Tabla1[[#This Row],[Responsable]],Hoja2!$B$19:$C$36,2,FALSE) -> MODELADOR ME | H57: 46168.619 | I57: 46168.757 | J57: =+(Tabla1[[#This Row],[Fecha y hora de Fin]]-Tabla1[[#This Row],[Fecha y hora de incio]])*24 -> 3.3 | K57: PLANIMETRIA
B58: BERRUGAS AFINIA | C58: EDM 23136-101 | D58: SE-BER-OC-PL-017 | E58: Sistema de red de incendios caseta | F58: LEO TEKKEN GONCALVES | G58: =+VLOOKUP(Tabla1[[#This Row],[Responsable]],Hoja2!$B$19:$C$36,2,FALSE) -> MODELADOR OC | H58: 46168.583 | I58: 46168.688 | J58: =+(Tabla1[[#This Row],[Fecha y hora de Fin]]-Tabla1[[#This Row],[Fecha y hora de incio]])*24 -> 2.5
B59: SE METALCLAD LOCERIA | C59: EDM 23136-101 | D59: SE-MC3LOC-ISES-AMP-ET-ME-10008 | E59: ET DE VARILLA DE PUESTA A TIERRA | F59: BRAYAN DASAEV REALES VELASQUEZ | G59: =+VLOOKUP(Tabla1[[#This Row],[Responsable]],Hoja2!$B$19:$C$36,2,FALSE) -> PRACTICANTE ME | H59: 46168.637 | I59: 46168.75 | J59: =+(Tabla1[[#This Row],[Fecha y hora de Fin]]-Tabla1[[#This Row],[Fecha y hora de incio]])*24 -> 2.7
B60: SE METALCLAD LOCERIA | C60: EDM 23136-101 | D60: SE-MC3LOC-ISES-AMP-ET-ME-10001 | E60: ET DE SHELTER O METAL CLAD | F60: JESUS DANIEL MENDOZA MERIÑO | G60: =+VLOOKUP(Tabla1[[#This Row],[Responsable]],Hoja2!$B$19:$C$36,2,FALSE) -> PRACTICANTE ME | H60: 46168.09 | I60: 46168.736 | J60: =+(Tabla1[[#This Row],[Fecha y hora de Fin]]-Tabla1[[#This Row],[Fecha y hora de incio]])*24 -> 15.5 | K60: ATENCION A COMENTARIOS
B61: TURBACO AFINIA | C61: AFN24102-100 | D61: SE-SIE-ME-PL-506 | E61: CORTES RUTA DE CABLES DE POTENCIA | F61: DIEGO PEREIRA IRIARTE | G61: =+VLOOKUP(Tabla1[[#This Row],[Responsable]],Hoja2!$B$19:$C$36,2,FALSE) -> MODELADOR OC | H61: 46168.312 | I61: 46168.75 | J61: =+(Tabla1[[#This Row],[Fecha y hora de Fin]]-Tabla1[[#This Row],[Fecha y hora de incio]])*24 -> 10.5 | K61: ATENCION A COMENTARIOS
B62: SE METALCLAD LOCERIA | C62: EDM 23136-101 | D62: SE-MC3LOC-ISES-AMP-MC-ME-40006 | E62: MC INSTALACIONES ELECTRICAS E ILUMINACIÓN | F62: BRAYAN DASAEV REALES VELASQUEZ | G62: =+VLOOKUP(Tabla1[[#This Row],[Responsable]],Hoja2!$B$19:$C$36,2,FALSE) -> PRACTICANTE ME | H62: 46169.312 | I62: 46169.438 | J62: =+(Tabla1[[#This Row],[Fecha y hora de Fin]]-Tabla1[[#This Row],[Fecha y hora de incio]])*24 -> 3
B63: SE METALCLAD LOCERIA | C63: EDM 23136-101 | D63: SE-MC3LOC-ISES-AMP-M3D-OC-40000 | E63: CANALIZACIONES | F63: RENY TATIANA OLARTE LOBO | G63: =+VLOOKUP(Tabla1[[#This Row],[Responsable]],Hoja2!$B$19:$C$36,2,FALSE) -> MODELADOR OC | H63: 46168.312 | I63: 46168.417 | J63: =+(Tabla1[[#This Row],[Fecha y hora de Fin]]-Tabla1[[#This Row],[Fecha y hora de incio]])*24 -> 2.5
B64: SE ALMIRANTE II | C64: EDM 23136-101 | D64: SE-ALM2-ISES-NEW-M3D-OC-20000 | E64: PLANOS DE BOMBEROS | F64: RENY TATIANA OLARTE LOBO | G64: =+VLOOKUP(Tabla1[[#This Row],[Responsable]],Hoja2!$B$19:$C$36,2,FALSE) -> MODELADOR OC | H64: 46168.417 | I64: 46168.521 | J64: =+(Tabla1[[#This Row],[Fecha y hora de Fin]]-Tabla1[[#This Row],[Fecha y hora de incio]])*24 -> 2.5
B65: SE METALCLAD LOCERIA | C65: EDM 23136-101 | D65: SE-MC3LOC-ISES-AMP-M3D-OC-40000 | E65: CANALIZACIONES | F65: RENY TATIANA OLARTE LOBO | G65: =+VLOOKUP(Tabla1[[#This Row],[Responsable]],Hoja2!$B$19:$C$36,2,FALSE) -> MODELADOR OC | H65: 46168.521 | I65: 46168.521 | J65: =+(Tabla1[[#This Row],[Fecha y hora de Fin]]-Tabla1[[#This Row],[Fecha y hora de incio]])*24 -> 0
B66: SE ALMIRANTE II | C66: EDM 23136-101 | D66: SE-ALM2-ISES-NEW-M3D-OC-20000 | E66: PLANOS DE BOMBEROS | F66: RENY TATIANA OLARTE LOBO | G66: =+VLOOKUP(Tabla1[[#This Row],[Responsable]],Hoja2!$B$19:$C$36,2,FALSE) -> MODELADOR OC | H66: 46169.312 | I66: 46169.521 | J66: =+(Tabla1[[#This Row],[Fecha y hora de Fin]]-Tabla1[[#This Row],[Fecha y hora de incio]])*24 -> 5
B67: SE SANTIAGO II | C67: EDM 23136-101 | D67: SE-SGO2-ISES-NEW-ET-ME-10003 | E67: ET CELDAS 34,5 | F67: JESUS DANIEL MENDOZA MERIÑO | G67: =+VLOOKUP(Tabla1[[#This Row],[Responsable]],Hoja2!$B$19:$C$36,2,FALSE) -> PRACTICANTE ME | H67: 46169.375 | J67: =+(Tabla1[[#This Row],[Fecha y hora de Fin]]-Tabla1[[#This Row],[Fecha y hora de incio]])*24 -> -1108065
B68: SE METALCLAD LOCERIA | C68: EDM 23136-101 | D68: SE-MC3LOC-ISES-AMP-ET-ME-10001 | E68: ET DE SHELTER O METAL CLAD | F68: JESUS DANIEL MENDOZA MERIÑO | G68: =+VLOOKUP(Tabla1[[#This Row],[Responsable]],Hoja2!$B$19:$C$36,2,FALSE) -> PRACTICANTE ME | H68: 46169.464 | I68: 46169.494 | J68: =+(Tabla1[[#This Row],[Fecha y hora de Fin]]-Tabla1[[#This Row],[Fecha y hora de incio]])*24 -> 0.73333333
B69: SE METALCLAD LOCERIA | C69: EDM 23136-101 | D69: SE-MC3LOC-ISES-AMP-MC-ME-40005 | E69: MC SERVICIOS AUXILIARES | F69: BRAYAN DASAEV REALES VELASQUEZ | G69: =+VLOOKUP(Tabla1[[#This Row],[Responsable]],Hoja2!$B$19:$C$36,2,FALSE) -> PRACTICANTE ME | H69: 46169.458 | I69: 46169.499 | J69: =+(Tabla1[[#This Row],[Fecha y hora de Fin]]-Tabla1[[#This Row],[Fecha y hora de incio]])*24 -> 0.96666667
B70: SE METALCLAD LOCERIA | C70: EDM 23136-101 | D70: SE-MC3LOC-ISES-AMP-ET-ME-10008 | E70: ESPECIFICACIÓN TÉCNICA DE SUMINISTRO DE ARMARIO DE RECTIFICADOR Y BANCO DE BATERÍAS | F70: JESUS DANIEL MENDOZA MERIÑO | G70: =+VLOOKUP(Tabla1[[#This Row],[Responsable]],Hoja2!$B$19:$C$36,2,FALSE) -> PRACTICANTE ME | H70: 46169.5 | I70: 46169.514 | J70: =+(Tabla1[[#This Row],[Fecha y hora de Fin]]-Tabla1[[#This Row],[Fecha y hora de incio]])*24 -> 0.33333333
B71: SE METALCLAD LOCERIA | C71: EDM 23136-101 | D71: SE-MC3LOC-ISES-AMP-MC-ME-40004 | E71: MC CABLES AISLADOS MT | F71: BRAYAN DASAEV REALES VELASQUEZ | G71: =+VLOOKUP(Tabla1[[#This Row],[Responsable]],Hoja2!$B$19:$C$36,2,FALSE) -> PRACTICANTE ME | H71: 46169.5 | I71: 46169.524 | J71: =+(Tabla1[[#This Row],[Fecha y hora de Fin]]-Tabla1[[#This Row],[Fecha y hora de incio]])*24 -> 0.58333333
B72: SE METALCLAD LOCERIA | C72: EDM 23136-101 | D72: SE-MC3LOC-ISES-AMP-ET-ME-10002 | E72: ESPECIFICACIÓN TÉCNICA DE CELDAS | F72: JESUS DANIEL MENDOZA MERIÑO | G72: =+VLOOKUP(Tabla1[[#This Row],[Responsable]],Hoja2!$B$19:$C$36,2,FALSE) -> PRACTICANTE ME | H72: 46169.521 | I72: 46169.54 | J72: =+(Tabla1[[#This Row],[Fecha y hora de Fin]]-Tabla1[[#This Row],[Fecha y hora de incio]])*24 -> 0.46666667
B73: TURBACO AFINIA | C73: AFN24102-100 | D73: SE-SIE-ME-PL-506 | E73: CORTES RUTA DE CABLES DE POTENCIA | F73: DIEGO PEREIRA IRIARTE | G73: =+VLOOKUP(Tabla1[[#This Row],[Responsable]],Hoja2!$B$19:$C$36,2,FALSE) -> MODELADOR OC | H73: 46169.312 | I73: 46169.75 | J73: =+(Tabla1[[#This Row],[Fecha y hora de Fin]]-Tabla1[[#This Row],[Fecha y hora de incio]])*24 -> 10.5 | K73: ATENCION A COMENTARIOS
B74: BERRUGAS AFINIA | C74: EDM 23136-101 | D74: SE-BER-OC-ID-PL-018 | E74: Sistema de red de incendios caseta | F74: LEO TEKKEN GONCALVES | G74: =+VLOOKUP(Tabla1[[#This Row],[Responsable]],Hoja2!$B$19:$C$36,2,FALSE) -> MODELADOR OC | H74: 46169.312 | I74: 46169.75 | J74: =+(Tabla1[[#This Row],[Fecha y hora de Fin]]-Tabla1[[#This Row],[Fecha y hora de incio]])*24 -> 10.5
B75: SE SAN FRANCISCO | C75: EDM 23136-101 | D75: SE-MC2SFC-ISES-NEW-ET-ME-10010 | E75: ET ARMAROS DE SERVICIOS AUXILIARES | F75: BRAYAN DASAEV REALES VELASQUEZ | G75: =+VLOOKUP(Tabla1[[#This Row],[Responsable]],Hoja2!$B$19:$C$36,2,FALSE) -> PRACTICANTE ME | H75: 46169.524 | I75: 46169.75 | J75: =+(Tabla1[[#This Row],[Fecha y hora de Fin]]-Tabla1[[#This Row],[Fecha y hora de incio]])*24 -> 5.4166667
B76: LAT CHORRERA | C76: EDM 23136-101 | D76: LAT-CHOTR2-ISES-NEW-M3D-OC-00000 | E76: CÁMARAS - LÍNEAS - CAD - TOPOGRAFIA | F76: DICNEY RUIZ HERNANDEZ | G76: =+VLOOKUP(Tabla1[[#This Row],[Responsable]],Hoja2!$B$19:$C$36,2,FALSE) -> MODELADOR ME | H76: 46169.472 | I76: 46169.729 | J76: =+(Tabla1[[#This Row],[Fecha y hora de Fin]]-Tabla1[[#This Row],[Fecha y hora de incio]])*24 -> 6.1666667 | K76: AJUSTE PLANIMETRIA CAD PARA MODELOS 20001 A 20005
B77: LAT CHORRERA | C77: EDM 23136-101 | D77: LAT-CHOTR2-ISES-NEW-M3D-OC-00002 | E77: LÍNEA PROYECTADA CG2 - CG3 | F77: DICNEY RUIZ HERNANDEZ | G77: =+VLOOKUP(Tabla1[[#This Row],[Responsable]],Hoja2!$B$19:$C$36,2,FALSE) -> MODELADOR ME | H77: 46169.62 | I77: 46169.76 | J77: =+(Tabla1[[#This Row],[Fecha y hora de Fin]]-Tabla1[[#This Row],[Fecha y hora de incio]])*24 -> 3.3666667 | K77: MODELADO Y AJUSTE DE TUBERIA PHD
B78: LAT CHORRERA | C78: EDM 23136-101 | D78: LAT-CHOTR2-ISES-NEW-M3D-OC-00006 | E78: TUBERIA EXISTENTE | F78: DICNEY RUIZ HERNANDEZ | G78: =+VLOOKUP(Tabla1[[#This Row],[Responsable]],Hoja2!$B$19:$C$36,2,FALSE) -> MODELADOR ME | H78: 46169.312 | I78: 46169.396 | J78: =+(Tabla1[[#This Row],[Fecha y hora de Fin]]-Tabla1[[#This Row],[Fecha y hora de incio]])*24 -> 2 | K78: AJUSTE IFC TUBERIA EXISTENTE
B79: LAT CHORRERA | C79: EDM 23136-101 | D79: LAT-CHOTR2-ISES-NEW-M3D-OC-00007 | E79: PERFILES | F79: DICNEY RUIZ HERNANDEZ | G79: =+VLOOKUP(Tabla1[[#This Row],[Responsable]],Hoja2!$B$19:$C$36,2,FALSE) -> MODELADOR ME | H79: 46169.365 | I79: 46169.662 | J79: =+(Tabla1[[#This Row],[Fecha y hora de Fin]]-Tabla1[[#This Row],[Fecha y hora de incio]])*24 -> 7.1333333 | K79: CONFIGURACIÓN DE LINEATURA DE CAD PARA REVIT
B80: LAT CHORRERA | C80: EDM 23136-101 | D80: LAT-CHOTR2-ISES-NEW-M3D-OC-20001 | E80: MODELO GENERAL PLANTA PERFIL TRAMO 1-2 | F80: DICNEY RUIZ HERNANDEZ | G80: =+VLOOKUP(Tabla1[[#This Row],[Responsable]],Hoja2!$B$19:$C$36,2,FALSE) -> MODELADOR ME | H80: 46169.517 | I80: 46169.723 | J80: =+(Tabla1[[#This Row],[Fecha y hora de Fin]]-Tabla1[[#This Row],[Fecha y hora de incio]])*24 -> 4.9333333 | K80: MODELADO Y AJUSTE DE TUBERIA PHD
B81: SE LOCERIA AMPLIACION L3 | C81: EDM 23136-101 | D81: SE-ALOCL3-ISES-AMP-ET-ME-00010 | E81: ET DE CELDAS 115 kV | F81: BRAYAN DASAEV REALES VELASQUEZ | G81: =+VLOOKUP(Tabla1[[#This Row],[Responsable]],Hoja2!$B$19:$C$36,2,FALSE) -> PRACTICANTE ME | H81: 46170.312 | I81: 46170.417 | J81: =+(Tabla1[[#This Row],[Fecha y hora de Fin]]-Tabla1[[#This Row],[Fecha y hora de incio]])*24 -> 2.5
B82: PUERTO LIBERTADOR AFINIA | C82: EDM 23136-101 | E82: Atencion de comentario | F82: LEO TEKKEN GONCALVES | G82: =+VLOOKUP(Tabla1[[#This Row],[Responsable]],Hoja2!$B$19:$C$36,2,FALSE) -> MODELADOR OC | H82: 46170.312 | J82: =+(Tabla1[[#This Row],[Fecha y hora de Fin]]-Tabla1[[#This Row],[Fecha y hora de incio]])*24 -> -1108087.5
B83: SE ALMIRANTE II | C83: EDM 23136-101 | D83: SE-ALM2-ISES-NEW-M3D-OC-20000 | E83: PLANOS DE BOMBEROS | F83: RENY TATIANA OLARTE LOBO | G83: =+VLOOKUP(Tabla1[[#This Row],[Responsable]],Hoja2!$B$19:$C$36,2,FALSE) -> MODELADOR OC | H83: 46170.312 | I83: 46170.75 | J83: =+(Tabla1[[#This Row],[Fecha y hora de Fin]]-Tabla1[[#This Row],[Fecha y hora de incio]])*24 -> 10.5
B84: SE LOCERIA AMPLIACION L3 | C84: EDM 23136-101 | D84: SE-ALOCL3-ISES-AMP-ET-ME-00027 | E84: ET DE SECCIONADOR 34,5 KV | F84: JESUS DANIEL MENDOZA MERIÑO | G84: =+VLOOKUP(Tabla1[[#This Row],[Responsable]],Hoja2!$B$19:$C$36,2,FALSE) -> PRACTICANTE ME | H84: 46170.583 | I84: 46170.625 | J84: =+(Tabla1[[#This Row],[Fecha y hora de Fin]]-Tabla1[[#This Row],[Fecha y hora de incio]])*24 -> 1
B85: SE LOCERIA AMPLIACION L3 | C85: EDM 23136-101 | D85: SE-ALOCL3-ISES-AMP-FE-ME-00018 | E85: FE DE SECCIONADOR 34,5 KV | F85: JESUS DANIEL MENDOZA MERIÑO | G85: =+VLOOKUP(Tabla1[[#This Row],[Responsable]],Hoja2!$B$19:$C$36,2,FALSE) -> PRACTICANTE ME | H85: 46170.625 | I85: 46170.635 | J85: =+(Tabla1[[#This Row],[Fecha y hora de Fin]]-Tabla1[[#This Row],[Fecha y hora de incio]])*24 -> 0.25
B86: SE LOCERIA AMPLIACION L3 | C86: EDM 23136-101 | D86: SE-ALOCL3-ISES-AMP-ET-ME-00023 | E86: ET ARMARIO UCI | F86: BRAYAN DASAEV REALES VELASQUEZ | G86: =+VLOOKUP(Tabla1[[#This Row],[Responsable]],Hoja2!$B$19:$C$36,2,FALSE) -> PRACTICANTE ME | H86: 46170.625 | I86: 46170.75 | J86: =+(Tabla1[[#This Row],[Fecha y hora de Fin]]-Tabla1[[#This Row],[Fecha y hora de incio]])*24 -> 3
B87: SE LOCERIA AMPLIACION L3 | C87: EDM 23136-101 | D87: SE-ALOCL3-ISES-AMP-ET-ME-00028 | E87: ESPECIFICACIÓN TECNICA PLANTA ELECTRICA DE 150 kVA | F87: JESUS DANIEL MENDOZA MERIÑO | G87: =+VLOOKUP(Tabla1[[#This Row],[Responsable]],Hoja2!$B$19:$C$36,2,FALSE) -> PRACTICANTE ME | H87: 46170.639 | I87: 46170.653 | J87: =+(Tabla1[[#This Row],[Fecha y hora de Fin]]-Tabla1[[#This Row],[Fecha y hora de incio]])*24 -> 0.33333333
B88: SE LOCERIA AMPLIACION L3 | C88: EDM 23136-101 | G88: =+VLOOKUP(Tabla1[[#This Row],[Responsable]],Hoja2!$B$19:$C$36,2,FALSE) -> #N/A | J88: =+(Tabla1[[#This Row],[Fecha y hora de Fin]]-Tabla1[[#This Row],[Fecha y hora de incio]])*24 -> 0
B89: SE LOCERIA AMPLIACION L3 | C89: EDM 23136-101 | D89: SE-ALOCL3-ISES-AMP-M3D-OC-00006 | E89: EDIFICIO DE CONTROL | F89: JUAN JOSE GUTIERREZ DE LA HOZ | G89: =+VLOOKUP(Tabla1[[#This Row],[Responsable]],Hoja2!$B$19:$C$36,2,FALSE) -> MODELADOR OC | H89: 46170.583 | I89: 46170.75 | J89: =+(Tabla1[[#This Row],[Fecha y hora de Fin]]-Tabla1[[#This Row],[Fecha y hora de incio]])*24 -> 4 | K89: ATENCION DE INCIDENCIAS
B90: LAT CHORRERA | C90: EDM 23136-101 | D90: LAT-CHOTR2-ISES-NEW-M3D-OC-00000 | E90: CÁMARAS - LÍNEAS - CAD - TOPOGRAFIA | F90: DICNEY RUIZ HERNANDEZ | G90: =+VLOOKUP(Tabla1[[#This Row],[Responsable]],Hoja2!$B$19:$C$36,2,FALSE) -> MODELADOR ME | H90: 46170.719 | I90: 46170.771 | J90: =+(Tabla1[[#This Row],[Fecha y hora de Fin]]-Tabla1[[#This Row],[Fecha y hora de incio]])*24 -> 1.2333333 | K90: AJUSTE PLANIMETRIA CAD PARA MODELOS 20001 A 20005
B91: LAT CHORRERA | C91: EDM 23136-101 | D91: LAT-CHOTR2-ISES-NEW-M3D-OC-00003 | E91: LÍNEA PROYECTADA CG3 - CE2 | F91: DICNEY RUIZ HERNANDEZ | G91: =+VLOOKUP(Tabla1[[#This Row],[Responsable]],Hoja2!$B$19:$C$36,2,FALSE) -> MODELADOR ME | H91: 46170.312 | I91: 46170.715 | J91: =+(Tabla1[[#This Row],[Fecha y hora de Fin]]-Tabla1[[#This Row],[Fecha y hora de incio]])*24 -> 9.6666667 | K91: MODELADO Y AJUSTE DE TUBERIA PHD
B92: SE LOCERIA AMPLIACION L3 | C92: EDM 23136-101 | D92: SE-ALOCL3-ISES-AMP-M3D-OC-00006 | E92: EDIFICIO DE CONTROL | F92: JUAN JOSE GUTIERREZ DE LA HOZ | G92: =+VLOOKUP(Tabla1[[#This Row],[Responsable]],Hoja2!$B$19:$C$36,2,FALSE) -> MODELADOR OC | H92: 46171.312 | I92: 46171.354 | J92: =+(Tabla1[[#This Row],[Fecha y hora de Fin]]-Tabla1[[#This Row],[Fecha y hora de incio]])*24 -> 1 | K92: ATENCION DE INCIDENCIAS
B93: LAT CHORRERA | C93: EDM 23136-101 | D93: LAT-CHOTR2-ISES-NEW-M3D-OC-00000 | E93: CÁMARAS - LÍNEAS - CAD - TOPOGRAFIA | F93: DICNEY RUIZ HERNANDEZ | G93: =+VLOOKUP(Tabla1[[#This Row],[Responsable]],Hoja2!$B$19:$C$36,2,FALSE) -> MODELADOR ME | H93: 46171.312 | I93: 46171.492 | J93: =+(Tabla1[[#This Row],[Fecha y hora de Fin]]-Tabla1[[#This Row],[Fecha y hora de incio]])*24 -> 4.3166667 | K93: AJUSTE PLANIMETRIA CAD PARA MODELOS 20001 A 20005
B94: LAT CHORRERA | C94: EDM 23136-101 | D94: LAT-CHOTR2-ISES-NEW-M3D-OC-00005 | E94: LÍNEA PROYECTADA CE3 A SE CHORRERA | F94: DICNEY RUIZ HERNANDEZ | G94: =+VLOOKUP(Tabla1[[#This Row],[Responsable]],Hoja2!$B$19:$C$36,2,FALSE) -> MODELADOR ME | H94: 46171.551 | I94: 46171.757 | J94: =+(Tabla1[[#This Row],[Fecha y hora de Fin]]-Tabla1[[#This Row],[Fecha y hora de incio]])*24 -> 4.9333333 | K94: MODELADO Y AJUSTE DE TUBERIA PHD
B95: SE LOCERIA AMPLIACION L3 | C95: EDM 23136-101 | D95: SE-ALOCL3-ISES-AMP-FE-ME-00017 | E95: FE ARMARIO UCI | F95: BRAYAN DASAEV REALES VELASQUEZ | G95: =+VLOOKUP(Tabla1[[#This Row],[Responsable]],Hoja2!$B$19:$C$36,2,FALSE) -> PRACTICANTE ME | H95: 46170.625 | I95: 46170.75 | J95: =+(Tabla1[[#This Row],[Fecha y hora de Fin]]-Tabla1[[#This Row],[Fecha y hora de incio]])*24 -> 3
B96: SE LOCERIA AMPLIACION L3 | C96: EDM 23136-101 | D96: SE-ALOCL3-ISES-AMP-M3D-OC-00004 | E96: CANALIZACIONES | F96: JUAN JOSE GUTIERREZ DE LA HOZ | G96: =+VLOOKUP(Tabla1[[#This Row],[Responsable]],Hoja2!$B$19:$C$36,2,FALSE) -> MODELADOR OC | H96: 46171.354 | I96: 46171.562 | J96: =+(Tabla1[[#This Row],[Fecha y hora de Fin]]-Tabla1[[#This Row],[Fecha y hora de incio]])*24 -> 5 | K96: ATENCION DE INCIDENCIAS
B97: SE LOCERIA AMPLIACION L3 | C97: EDM 23136-101 | D97: SE-ALOCL3-ISES-AMP-ET-ME-00022 | E97: ET - FE conductores subteraneos | F97: BRAYAN DASAEV REALES VELASQUEZ | G97: =+VLOOKUP(Tabla1[[#This Row],[Responsable]],Hoja2!$B$19:$C$36,2,FALSE) -> PRACTICANTE ME | H97: 46171.312 | I97: 46171.562 | J97: =+(Tabla1[[#This Row],[Fecha y hora de Fin]]-Tabla1[[#This Row],[Fecha y hora de incio]])*24 -> 6
B98: SIERRA FLOR AFINIA | C98: EDM 23136-101 | F98: ALEX SANTIAGO RODRIGUEZ | G98: =+VLOOKUP(Tabla1[[#This Row],[Responsable]],Hoja2!$B$19:$C$36,2,FALSE) -> MODELADOR OC | H98: 46170.312 | I98: 46171.562 | J98: =+(Tabla1[[#This Row],[Fecha y hora de Fin]]-Tabla1[[#This Row],[Fecha y hora de incio]])*24 -> 30 | K98: ATENCION A COMENTARIOS GENERALES
B99: SIERRA FLOR AFINIA | C99: EDM 23136-101 | F99: ALEX SANTIAGO RODRIGUEZ | G99: =+VLOOKUP(Tabla1[[#This Row],[Responsable]],Hoja2!$B$19:$C$36,2,FALSE) -> MODELADOR OC | H99: 46174.312 | I99: 46176.75 | J99: =+(Tabla1[[#This Row],[Fecha y hora de Fin]]-Tabla1[[#This Row],[Fecha y hora de incio]])*24 -> 58.5 | K99: ATENCION A COMENTARIOS GENERALES
B100: SE LOCERIA AMPLIACION L3 | C100: EDM 23136-101 | D100: SE-ALOCL3-ISES-AMP-ET-ME-00016 | E100: ET MONTAJE ELECTROMECANICO | F100: BRAYAN DASAEV REALES VELASQUEZ | G100: =+VLOOKUP(Tabla1[[#This Row],[Responsable]],Hoja2!$B$19:$C$36,2,FALSE) -> PRACTICANTE ME | H100: 46174.312 | I100: 46174.528 | J100: =+(Tabla1[[#This Row],[Fecha y hora de Fin]]-Tabla1[[#This Row],[Fecha y hora de incio]])*24 -> 5.1666667 | K100: ATENCION DE INCIDENCIAS
B101: SE LOCERIA AMPLIACION L3 | C101: EDM 23136-101 | D101: SE-ALOCL3-ISES-AMP-FE-ME-00023 | E101: FE DE AISLADORES | F101: JESUS DANIEL MENDOZA MERIÑO | G101: =+VLOOKUP(Tabla1[[#This Row],[Responsable]],Hoja2!$B$19:$C$36,2,FALSE) -> PRACTICANTE ME | H101: 46174.354 | I101: 46174.374 | J101: =+(Tabla1[[#This Row],[Fecha y hora de Fin]]-Tabla1[[#This Row],[Fecha y hora de incio]])*24 -> 0.48333333 | K101: ELABORACION DE FICHA TECNICA
B102: SE LOCERIA AMPLIACION L3 | C102: EDM 23136-101 | D102: SE-ALOCL3-ISES-AMP-CRO-ME-00001 | E102: CRONOGRAFICO | F102: JESUS DANIEL MENDOZA MERIÑO | G102: =+VLOOKUP(Tabla1[[#This Row],[Responsable]],Hoja2!$B$19:$C$36,2,FALSE) -> PRACTICANTE ME | H102: 46174.384 | I102: 46174.415 | J102: =+(Tabla1[[#This Row],[Fecha y hora de Fin]]-Tabla1[[#This Row],[Fecha y hora de incio]])*24 -> 0.75 | K102: ATENCION DE INCIDENCIAS
B103: SE ALMIRANTE II | C103: EDM 23136-101 | D103: SE-ALM2-ISES-NEW-ET-ME-10022 | E103: ET ARMARIO RECTIFICADOR Y BANCO BATERIAS | F103: BRAYAN DASAEV REALES VELASQUEZ | G103: =+VLOOKUP(Tabla1[[#This Row],[Responsable]],Hoja2!$B$19:$C$36,2,FALSE) -> PRACTICANTE ME | H103: 46174.528 | I103: 46174.542 | J103: =+(Tabla1[[#This Row],[Fecha y hora de Fin]]-Tabla1[[#This Row],[Fecha y hora de incio]])*24 -> 0.31666667 | K103: ATENCION A COMENTARIOS
B104: SE LOCERIA AMPLIACION L3 | C104: EDM 23136-101 | D104: SE-ALOCL3-ISES-AMP-M3D-ME- 00002 | E104: Modelo general de bandejas portacables y rutas de cables | F104: LUIS FERNANDO ZABALETA GONZALEZ | G104: =+VLOOKUP(Tabla1[[#This Row],[Responsable]],Hoja2!$B$19:$C$36,2,FALSE) -> MODELADOR ME | H104: 46174.312 | I104: 46174.75 | J104: =+(Tabla1[[#This Row],[Fecha y hora de Fin]]-Tabla1[[#This Row],[Fecha y hora de incio]])*24 -> 10.5 | K104: MODELADO DUCTOS DE CONTROL Y FUERZA
B105: SE LOCERIA AMPLIACION L3 | C105: EDM 23136-101 | D105: SE-ALOCL3-ISES-AMP-M3D-OC-00004 | E105: CANALIZACIONES | F105: JUAN JOSE GUTIERREZ DE LA HOZ | G105: =+VLOOKUP(Tabla1[[#This Row],[Responsable]],Hoja2!$B$19:$C$36,2,FALSE) -> MODELADOR OC | H105: 46174.312 | I105: 46174.542 | J105: =+(Tabla1[[#This Row],[Fecha y hora de Fin]]-Tabla1[[#This Row],[Fecha y hora de incio]])*24 -> 5.5 | K105: ATENCION DE INCIDENCIAS
B106: SE LOCERIA AMPLIACION L3 | C106: EDM 23136-101 | D106: SE-ALOCL3-ISES-AMP-M3D-ME- 00001 | E106: MODELO GENERAL ME | F106: CRISTIAN DAVID FABREGAS BLANCO | G106: =+VLOOKUP(Tabla1[[#This Row],[Responsable]],Hoja2!$B$19:$C$36,2,FALSE) -> MODELADOR ME | H106: 46174.312 | I106: 46174.542 | J106: =+(Tabla1[[#This Row],[Fecha y hora de Fin]]-Tabla1[[#This Row],[Fecha y hora de incio]])*24 -> 5.5 | K106: ATENCION DE INCIDENCIAS
B107: SE LOCERIA AMPLIACION L3 | C107: EDM 23136-101 | D107: SE-ALOCL3-ISES-AMP-M3D-ME- 00001 | E107: PLANOS DIAGRAMAS UNIFILARES | F107: CRISTIAN DAVID FABREGAS BLANCO | G107: =+VLOOKUP(Tabla1[[#This Row],[Responsable]],Hoja2!$B$19:$C$36,2,FALSE) -> MODELADOR ME | H107: 46174.583 | I107: 46174.75 | J107: =+(Tabla1[[#This Row],[Fecha y hora de Fin]]-Tabla1[[#This Row],[Fecha y hora de incio]])*24 -> 4 | K107: ATENCION DE INCIDENCIAS
B108: SE LOCERIA AMPLIACION L3 | C108: EDM 23136-101 | D108: SE-ALOCL3-ISES-AMP-M3D-ME- 00003 | E108: Modelo de sistemas SPT, APT Y EIE | F108: LUIS FERNANDO ZABALETA GONZALEZ | G108: =+VLOOKUP(Tabla1[[#This Row],[Responsable]],Hoja2!$B$19:$C$36,2,FALSE) -> MODELADOR ME | H108: 46174.562 | I108: 46174.75 | J108: =+(Tabla1[[#This Row],[Fecha y hora de Fin]]-Tabla1[[#This Row],[Fecha y hora de incio]])*24 -> 4.5
B109: SE ALMIRANTE II | C109: EDM 23136-101 | D109: SE-ALM2-ISES-NEW-ET-ME-10022 | E109: ET ARMARIO RECTIFICADOR Y BANCO BATERIAS | F109: BRAYAN DASAEV REALES VELASQUEZ | G109: =+VLOOKUP(Tabla1[[#This Row],[Responsable]],Hoja2!$B$19:$C$36,2,FALSE) -> PRACTICANTE ME | H109: 46174.583 | I109: 46174.75 | J109: =+(Tabla1[[#This Row],[Fecha y hora de Fin]]-Tabla1[[#This Row],[Fecha y hora de incio]])*24 -> 4 | K109: ATENCION A COMENTARIOS
B110: SE LOCERIA AMPLIACION L3 | C110: EDM 23136-101 | D110: SE-ALOCL3-ISES-AMP-M3D-OC-00004 | E110: CANALIZACIONES | F110: JUAN JOSE GUTIERREZ DE LA HOZ | G110: =+VLOOKUP(Tabla1[[#This Row],[Responsable]],Hoja2!$B$19:$C$36,2,FALSE) -> MODELADOR OC | H110: 46174.583 | I110: 46174.75 | J110: =+(Tabla1[[#This Row],[Fecha y hora de Fin]]-Tabla1[[#This Row],[Fecha y hora de incio]])*24 -> 4 | K110: ATENCION DE INCIDENCIAS
C111: EDM 23136-101 | E111: PLANO DETALLES CONTRA PRESENTACION | F111: LEO TEKKEN GONCALVES | G111: =+VLOOKUP(Tabla1[[#This Row],[Responsable]],Hoja2!$B$19:$C$36,2,FALSE) -> MODELADOR OC | H111: 46174.604 | I111: 46174.75 | J111: =+(Tabla1[[#This Row],[Fecha y hora de Fin]]-Tabla1[[#This Row],[Fecha y hora de incio]])*24 -> 3.5
B112: PUERTO LIBERTADOR AFINIA | C112: EDM 23136-101 | E112: Actualizacion de plantas | F112: LEO TEKKEN GONCALVES | G112: =+VLOOKUP(Tabla1[[#This Row],[Responsable]],Hoja2!$B$19:$C$36,2,FALSE) -> MODELADOR OC | H112: 46174.312 | I112: 46174.583 | J112: =+(Tabla1[[#This Row],[Fecha y hora de Fin]]-Tabla1[[#This Row],[Fecha y hora de incio]])*24 -> 6.5
B113: LAT CHORRERA | C113: EDM 23136-101 | D113: LAT-CHOTR2-ISES-NEW-M3D-OC-00000 | E113: CÁMRAS - LÍNEAS - CAD - TOPOGRAFIA | F113: DICNEY RUIZ HERNANDEZ | G113: =+VLOOKUP(Tabla1[[#This Row],[Responsable]],Hoja2!$B$19:$C$36,2,FALSE) -> MODELADOR ME | H113: 46174.312 | I113: 46174.396 | J113: =+(Tabla1[[#This Row],[Fecha y hora de Fin]]-Tabla1[[#This Row],[Fecha y hora de incio]])*24 -> 2 | K113: AJUSTE PLANIMETRIA CAD PARA MODELOS 20001 A 20005
B114: LAT CHORRERA | C114: EDM 23136-101 | D114: LAT-CHOTR2-ISES-NEW-M3D-OC-00006 | E114: TUBERIA EXISTENTE | F114: DICNEY RUIZ HERNANDEZ | G114: =+VLOOKUP(Tabla1[[#This Row],[Responsable]],Hoja2!$B$19:$C$36,2,FALSE) -> MODELADOR ME | H114: 46174.453 | I114: 46174.553 | J114: =+(Tabla1[[#This Row],[Fecha y hora de Fin]]-Tabla1[[#This Row],[Fecha y hora de incio]])*24 -> 2.3833333 | K114: AJUSTE IFC TUBERIA EXISTENTE
B115: LAT CHORRERA | C115: EDM 23136-101 | D115: LAT-CHOTR2-ISES-NEW-M3D-OC-00007 | E115: PERFILES | F115: DICNEY RUIZ HERNANDEZ | G115: =+VLOOKUP(Tabla1[[#This Row],[Responsable]],Hoja2!$B$19:$C$36,2,FALSE) -> MODELADOR ME | H115: 46174.697 | I115: 46174.771 | J115: =+(Tabla1[[#This Row],[Fecha y hora de Fin]]-Tabla1[[#This Row],[Fecha y hora de incio]])*24 -> 1.7666667 | K115: ATENCIÓN A COMENTARIOS
B116: LAT CHORRERA | C116: EDM 23136-101 | D116: LAT-CHOTR2-ISES-NEW-M3D-OC-20000 | E116: MODELO GENERAL PLANTA PERFIL | F116: DICNEY RUIZ HERNANDEZ | G116: =+VLOOKUP(Tabla1[[#This Row],[Responsable]],Hoja2!$B$19:$C$36,2,FALSE) -> MODELADOR ME | H116: 46174.383 | I116: 46174.564 | J116: =+(Tabla1[[#This Row],[Fecha y hora de Fin]]-Tabla1[[#This Row],[Fecha y hora de incio]])*24 -> 4.35 | K116: PLANIMETRIA - ATENCIÓN A COMENTARIOS
B117: LAT CHORRERA | C117: EDM 23136-101 | D117: LAT-CHOTR2-ISES-NEW-M3D-OC-20002 | E117: MODELO GENERAL PLANTA PERFIL TRAMO 3 - 4 | F117: DICNEY RUIZ HERNANDEZ | G117: =+VLOOKUP(Tabla1[[#This Row],[Responsable]],Hoja2!$B$19:$C$36,2,FALSE) -> MODELADOR ME | H117: 46174.677 | I117: 46174.738 | J117: =+(Tabla1[[#This Row],[Fecha y hora de Fin]]-Tabla1[[#This Row],[Fecha y hora de incio]])*24 -> 1.4666667 | K117: PLANIMETRIA - ATENCIÓN A COMENTARIOS
B118: SE SAN FRANCISCO | C118: EDM 23136-101 | D118: SE-MC2SFC-ISES-NEW-PL-OC-10001 | E118: PLANO TOPOGRAFIA | F118: ALEJANDRO DAZA BERNAL | G118: =+VLOOKUP(Tabla1[[#This Row],[Responsable]],Hoja2!$B$19:$C$36,2,FALSE) -> MODELADOR OC | H118: 46175.312 | I118: 46178.75 | J118: =+(Tabla1[[#This Row],[Fecha y hora de Fin]]-Tabla1[[#This Row],[Fecha y hora de incio]])*24 -> 82.5 | K118: COMENTARIOS GENERALES
B119: SE LOCERIA AMPLIACION L3 | C119: EDM 23136-101 | D119: SE-ALOCL3-ISES-AMP-M3D-OC-00004 | E119: CANALIZACIONES | F119: RENY TATIANA OLARTE LOBO | G119: =+VLOOKUP(Tabla1[[#This Row],[Responsable]],Hoja2!$B$19:$C$36,2,FALSE) -> MODELADOR OC | H119: 46174.312 | I119: 46178.75 | J119: =+(Tabla1[[#This Row],[Fecha y hora de Fin]]-Tabla1[[#This Row],[Fecha y hora de incio]])*24 -> 106.5 | K119: COMENTARIOS GENERALES
B120: SE METALCLAD LOCERIA | C120: EDM 23136-101 | D120: SE-MC3LOC-ISES-AMP-M3D-OC-40000 | E120: CANALIZACIONES | F120: RENY TATIANA OLARTE LOBO | G120: =+VLOOKUP(Tabla1[[#This Row],[Responsable]],Hoja2!$B$19:$C$36,2,FALSE) -> MODELADOR OC | H120: 46175.312 | J120: =+(Tabla1[[#This Row],[Fecha y hora de Fin]]-Tabla1[[#This Row],[Fecha y hora de incio]])*24 -> -1108207.5 | K120: COMENTARIOS GENERALES
B121: LAT CHORRERA | C121: EDM 23136-101 | D121: LAT-CHOTR2-ISES-NEW-M3D-OC-00000 | E121: CÁMARAS - LÍNEAS - CAD- TOPOGRAFIA | F121: DICNEY RUIZ HERNANDEZ | G121: =+VLOOKUP(Tabla1[[#This Row],[Responsable]],Hoja2!$B$19:$C$36,2,FALSE) -> MODELADOR ME | H121: 46175.312 | I121: 46175.76 | J121: =+(Tabla1[[#This Row],[Fecha y hora de Fin]]-Tabla1[[#This Row],[Fecha y hora de incio]])*24 -> 10.75 | K121: MODELOS M3D CÁMARAS - CAD
B122: LAT CHORRERA | C122: EDM 23136-101 | D122: LAT-CHOTR2-ISES-NEW-M3D-OC-00006 | E122: TUBERIA EXISTENTE | F122: DICNEY RUIZ HERNANDEZ | G122: =+VLOOKUP(Tabla1[[#This Row],[Responsable]],Hoja2!$B$19:$C$36,2,FALSE) -> MODELADOR ME | H122: 46175.453 | I122: 46175.553 | J122: =+(Tabla1[[#This Row],[Fecha y hora de Fin]]-Tabla1[[#This Row],[Fecha y hora de incio]])*24 -> 2.3833333 | K122: ATENCIÓN A COMENTARIOS
B123: LAT CHORRERA | C123: EDM 23136-101 | D123: LAT-CHOTR2-ISES-NEW-M3D-OC-20002 | E123: MODELO GENERAL PLANTA PERFIL TRAMO 1 - 2 | F123: DICNEY RUIZ HERNANDEZ | G123: =+VLOOKUP(Tabla1[[#This Row],[Responsable]],Hoja2!$B$19:$C$36,2,FALSE) -> MODELADOR ME | H123: 46175.363 | I123: 46175.66 | J123: =+(Tabla1[[#This Row],[Fecha y hora de Fin]]-Tabla1[[#This Row],[Fecha y hora de incio]])*24 -> 7.1333333 | K123: PLANIMETRIA - ATENCIÓN A COMENTARIOS
...

Sheet Hoja2
B3: DISCIPLINA
B4: ME
B5: OC
B7: CARGOS
B8: ANALISTA ME
B9: ANALISTA OC
B10: PRACTICANTE ME
B11: PRACTICANTE OC
B12: MODELADOR OC
B13: BIM
B14: MODELADOR ME
B15: INGENIERO ME
... B18: RESPONSABLES
B19: JUAN JOSE GUTIERREZ DE LA HOZ | C19: MODELADOR OC
B20: CRISTIAN DAVID FABREGAS BLANCO | C20: MODELADOR ME
B21: LUIS FERNANDO ZABALETA GONZALEZ | C21: MODELADOR ME
B22: JESUS DANIEL MENDOZA MERIÑO | C22: PRACTICANTE ME
B23: BRAYAN DASAEV REALES VELASQUEZ | C23: PRACTICANTE ME
B24: CAMILO GALVEZ OSORIO | C24: MODELADOR OC
B25: DICNEY RUIZ HERNANDEZ | C25: MODELADOR ME
B26: DIEGO PEREIRA IRIARTE | C26: MODELADOR OC
B27: ORLANDO ANGULO BUSTILLOS | C27: MODELADOR ME
B28: LEO TEKKEN GONCALVES | C28: MODELADOR OC
B29: ALEJANDRO DAZA BERNAL | C29: MODELADOR OC
B30: EDUARDO GUZMAN SANCHEZ | C30: MODELADOR ME
... B36: RENY TATIANA OLARTE LOBO | C36: MODELADOR OC
B41: PROYECTOS
B42: SE LOCERIA AMPLIACION L3
B43: SE METALCLAD LOCERIA
B44: LAT 230 SANTIAGO
B45: LAT PANAMA III
B46: LAT LLANO SANCHEZ
B47: LAT CHORRERA
B48: LAT COCO 230KV
B49: SE SAN FRANCISCO
B50: SE ALMIRANTE II
B51: SE SANTIAGO II
B52: LAT JUSTO AROSEMENA
... B55: TURBACO AFINIA
A56: PUERTO ESCONDIDO AFINIA
B57: BOCA GRANDE AFINIA
A58: EL BANCO AFININA
A59: NUEVA COSPIQUE AFINIA
B60: BERRUGAS AFINIA
B61: SAN JUAN DE ARAMA AFINIA LAT
B62: PUERTO LIBERTADOR AFINIA
B63: SE COCO II
B65: CENTRO DE COSTO
B66: EDM 23136-101 | C66: NATURGY LAT/SE
B67: AFN24102-100 | C67: AFINIA ADT5
